---
layout: post
title: 第四周：数据库系统功能相关学习 
date: 2019-11-1 20:00:10 +0300
description: mysql # Add post description (optional)
img: mysql.png # Add image post (optional)
tags: [sql, mysql] # add tag
---

1、学习数据库自带函数的功能与用法（思考在什么情况下可以执行命令）
2、将所有涉及的函数进行测试并举例说明其用法并形成报告
扩展学习：针对自己所选数据库，尝试执行系统命令，自己构造所需环境

### SQL注入常用函数

##### MySQL 字符串函数

length(s);

char_length(s);

character_length(s); 

octet_length(s);

都是返回字符串 s 的字符长度，对于多字节字符，其CHAR_LENGTH()仅计算一次

```
mysql> select length('abcd1234');
+--------------------+
| length('abcd1234') |
+--------------------+
|                  8 |
+--------------------+
1 row in set (0.00 sec)

cancat(s1,s2...sn);
```

返回结果为连接参数产生的字符串。如有任何一个参数为NULL ，则返回值为 NULL。可以有一个或多个参数

```
mysql> select concat('abc',123,'cde',456);
+-----------------------------+
| concat('abc',123,'cde',456) |
+-----------------------------+
| abc123cde456                |
+-----------------------------+
1 row in set (0.00 sec)

mysql> select concat('abc',123,'cde',null);
+------------------------------+
| concat('abc',123,'cde',null) |
+------------------------------+
| NULL                         |
+------------------------------+
1 row in set (0.00 sec)

```

concat_ws(x, s1,s2...sn); 

CONCAT_WS() 代表 CONCAT With Separator ，是CONCAT()的特殊形式。第一个参数是其它参数的分隔符。分隔符的位置放在要连接的两个字符串之间。分隔符可以是一个字符串，也可以是其它参数。如果分隔符为 NULL，则结果为 NULL。函数会忽略任何分隔符参数后的 NULL 值。但是CONCAT_WS()不会忽略任何空字符串。 (然而会忽略所有的 NULL）。

```
mysql> select concat_ws(0x2c,user(),database());
+-----------------------------------+
| concat_ws(0x2c,user(),database()) |
+-----------------------------------+
| root@localhost,test               |
+-----------------------------------+
1 row in set (0.00 sec)
```

GROUP_CONCAT()

group_concat([distinct] 要连接的字段 [order by ASC/DESC 排序字段] [Separator '分隔符'])

> distinctDISTINCT 可以排除重复值。如果希望对结果中的值进行排序，可以使用 ORDER BY 子句。Separator是一个字符串值，它被用于插入到结果值中。缺省为一个逗号 (",")，可以通过指定 SEPARATOR "" 完全地移除这个分隔符。

```
mysql> select name from abc;
+------+
| name |
+------+
| e    |
| f    |
| c    |
| e    |
| f    |
| c    |
| d    |
+------+
7 rows in set (0.00 sec)

mysql> select group_concat(name) from abc;
+--------------------+
| group_concat(name) |
+--------------------+
| e,f,c,e,f,c,d      |
+--------------------+
1 row in set (0.00 sec)

mysql> select group_concat(name separator 0x2d) from abc;
+-----------------------------------+
| group_concat(name separator 0x2d) |
+-----------------------------------+
| e-f-c-e-f-c-d                     |
+-----------------------------------+
1 row in set (0.01 sec)

field(s,s1,s2...);返回第一个字符串 s 在字符串列表(s1,s2...)中的位置
+-------------------------------------+
| FIELD("c", "a", "b", "c", "d", "e") |
+-------------------------------------+
|                                   3 |
+-------------------------------------+
1 row in set (0.00 sec)

FIND_IN_SET(s1,s2);返回在字符串s2中与s1匹配的字符串的位置
```

```
mysql> select find_in_set('c','a,b,c,d');
+----------------------------+
| find_in_set('c','a,b,c,d') |
+----------------------------+
|                          3 |
+----------------------------+
1 row in set (0.00 sec)
```

left(s,n); 返回字符串 s 的前 n 个字符

```
mysql> select left('abcde',2);
+-----------------+
| left('abcde',2) |
+-----------------+
| ab              |
+-----------------+
1 row in set (0.00 sec)
```

right(s,n); 返回字符串 s 的后 n 个字符

```
mysql> select right('abcde',2);
+------------------+
| right('abcde',2) |
+------------------+
| de               |
+------------------+
1 row in set (0.00 sec)
```

mid(s,n,len); 从字符串 s 的 n 位置截取长度为 len 的子字符串,其它格式：mid(s FROM n FOR len)

```
mysql> select mid('abcde',2,3);
+------------------+
| mid('abcde',2,1) |
+------------------+
| bcd              |
+------------------+
1 row in set (0.00 sec)
```

substr(s,n,len);substring(s,n,len);从字符串 s 的 n 位置截取长度为 len 的子字符串，还有其它格式：substring(s FROM n FOR len)

```
mysql> select substr('abcde',2,3);
+---------------------+
| substr('abcde',2,3) |
+---------------------+
| bcd                 |
+---------------------+
1 row in set (0.00 sec)

substring_index(s, delimiter, n);返回从字符串 s 的第 n 个出现的分隔符 delimiter 之后的子串。
 如果 number 是正数，返回第 number 个字符左边的字符串。
 如果 number 是负数，返回第(number 的绝对值(从右边数))个字符右边的字符串。 

mysql> SELECT SUBSTRING_INDEX(user(),'@',1);
+-------------------------------+
| SUBSTRING_INDEX(user(),'@',1) |
+-------------------------------+
| root                          |
+-------------------------------+
1 row in set (0.00 sec)

replace(s,s1,s2);将字符串 s2 替代字符串 s 中的字符串 s1
```

```
mysql> select replace('abccefg','c','b');
+----------------------------+
| replace('abccefg','c','b') |
+----------------------------+
| abbbefg                    |
+----------------------------+
1 row in set (0.00 sec)
```

strcmp(s1,s2);比较字符串 s1 和 s2，如果 s1 与 s2 相等返回 0 ，如果 s1>s2 返回 1，如果 s1<s2 返回 -1

```
mysql> select strcmp('r',mid(user(),1,1));#判断用户名第一个字母是否为r
+-----------------------------+
| strcmp('r',mid(user(),1,1)) |
+-----------------------------+
|                           0 |
+-----------------------------+
1 row in set (0.00 sec)
```

ascii(s)和ord(str);

ascii(s)返回第一个字符的ASCII码，如果s是空字符串，返回0。如果s是NULL，返回NULL

ORD(str)如果字符串str最左面字符是一个多字节字符，通过以格式((first byte ASCII code)*256+(second byte ASCII code))[*256+third byte ASCII code...]返回字符的ASCII代码值来返回多字节字符代码。如果最左面的字符不是一个多字节字符。返回与ASCII()函数返回的相同值

```
mysql> select ord(mid(user(),2,1));
+----------------------+
| ord(mid(user(),2,1)) |
+----------------------+
|                  111 |
+----------------------+
1 row in set (0.01 sec)
```

char(x);返回数字的ASCII码值

```
mysql> select char(111);
+-----------+
| char(111) |
+-----------+
| o         |
+-----------+
1 row in set (0.00 sec)
```

insert(s,x,len,s);字符串 s1替换 s的 x 位置开始长度为 len 的字符串

```
mysql> select insert('abcd1234',4,1,'@');
+----------------------------+
| insert('abcd1234',4,1,'@') |
+----------------------------+
| abc@1234                   |
+----------------------------+
1 row in set (0.00 sec)
```

LPAD(s,len,s1)返回字符串s，左面用字符串s1补直到s是len个字符长

```
mysql> select lpad('aaa',10,'?');
+--------------------+
| lpad('aaa',10,'?') |
+--------------------+
| ???????aaa         |
+--------------------+
1 row in set (0.01 sec)
```

RPAD(s,len,s1)返回字符串s，右面用字符串s1补直到s是len个字符长

```
mysql> select rpad('aaa',10,'?');
+--------------------+
| rpad('aaa',10,'?') |
+--------------------+
| aaa???????         |
+--------------------+
1 row in set (0.00 sec)
```

locate(s1,s,n); 返回子串s1在字符串s第一个出现的位置，若指定n,从位置n开始。如果s1不是在s里面，返回0

```
mysql> select LOCATE('a', '12a45a78',5);
+---------------------------+
| LOCATE('a', '12a45a78',5) |
+---------------------------+
|                         6 |
+---------------------------+
1 row in set (0.00 sec)
```

position(s1 in s)从字符串 s 中获取 s1 的开始位置,如果s1不是在s里面，返回0

```
mysql> select position('a' in '123a56');
+---------------------------+
| position('a' in '123a56') |
+---------------------------+
|                         4 |
+---------------------------+
1 row in set (0.00 sec)
```

instr(s,s1);返回子串`s1在字符串`s`中的第一个出现的位置。这与有2个参数形式的`LOCATE()`相同，除了参数被颠倒。

find_in_set(s1,s2) ;返回在字符串s2中与s1匹配的字符串的位置

```
mysql> SELECT FIND_IN_SET(mid(database(),1,1), "a,b,c,d,e,f,g,i,j,k,l,b,m,n,o,p,q,r,s,t,u,v,w,x,y,z");#判断数据库名第一个字符
+-----------------------------------------------------------------------------------------+
| FIND_IN_SET(mid(database(),1,1), "a,b,c,d,e,f,g,i,j,k,l,b,m,n,o,p,q,r,s,t,u,v,w,x,y,z") |
+-----------------------------------------------------------------------------------------+
|                                                                                      20 |
+-----------------------------------------------------------------------------------------+
1 row in set (0.07 sec)
```

reverse(s);返回字符串s相反的字符串

format(x,n); 将数字x保留到小数点后 n 位，最后一位四舍五入

repeat(s,n);将字符串 s 重复 n 次

lcase(s);lower(s);将字符串 s 的所有字母变成小写字母 

ucase(s);upper(s);将字符串 s 的所有字母变成大写字母

space(n);返回 n 个空格

trim(s);去掉字符串 s 开始和结尾处的空格

ltrim(s);去掉字符串 s 开始处的空格          

rtrim(s);去掉字符串 s 结尾处的空格

##### MySQL 数字函数

ABS(x);返回 x 的绝对值

MOD(N,M) 或 %: 返回N被M除的余数

POW(x,y) 或 POWER(x,y)： 返回 x 的 y 次方

SQRT(x)： 返回x的平方根

EXP(x) ;返回 e 的 x 次方

n DIV m ;整除，n 为被除数，m 为除数

GREATEST(expr1, expr2, expr3, …) ： 返回列表中的最大值

LEAST(expr1, expr2, expr3, …)： 返回列表中的最小值

MAX(expression)： 返回字段 expression 中的最大值

MIN(expression)： 返回字段 expression 中的最小值

AVG(expression) ：返回字段expression 的平均值

SUM(expression)： 返回指定字段的总和

count(expression); 返回查询的记录总数，expression 参数是一个字段或者 * 号

```
mysql> select count(name) from abc;
+-------------+
| count(name) |
+-------------+
|           7 |
+-------------+
1 row in set (0.00 sec)
```

ceil(x);返回大于或等于 x 的最小整数 

ceilng(x);返回大于或等于 x 的最小整数

floor(x);返回小于或等于 x 的最大整数

rand();返回 0 到 1 的随机数

```
mysql> select floor(rand()*100);#10内的随机数
+-------------------+
| floor(rand()*10) |
+-------------------+
|                6 |
+-------------------+
1 row in set (0.00 sec)
```

round(x);返回离 x 四舍五入取整数,可以指定保留小数后几位的值

```
mysql> select round(3.51515,2);
+------------------+
| round(3.51515,2) |
+------------------+
|             3.52 |
+------------------+
1 row in set (0.00 sec)
```

truncate(x,n);返回数值 x 保留到小数点后 n 位的值（与 round 最大的区别是不会进行四舍五入）

cast(x AS type); 转换数据类型

BIN(x);返回x的二进制编码

HEX(x);返回x的十六进制编码

OCT(x);返回x的八进制编码

CONV(x,f1,f2)将x从f1进制数变成f2进制数

```
mysql> select conv('ffff',16,10);
+--------------------+
| conv('ffff',16,10) |
+--------------------+
| 65535              |
+--------------------+
1 row in set (0.00 sec)
```

##### MySQL 日期函数

CURDATE()或CURRENT_DATE()返回当前日期

CURTIME()或CURRENT_TIME()返回当前时间

CURRENT_TIMESTAMP();LOCALTIME();LOCALTIMESTAMP();NOW()都是返回当前日期和时间

DAY(d)返回日期值 d 的日期部分

DAYOFWEEK(date): 返回日期date的星期索引(1=星期天，2=星期一, …7=星期六)

DAYNAME(date): 返回date的星期名字

DAYOFMONTH(date): 返回date的月份中的日期，在1到31范围内

QUARTER(date): 返回date一年中的季度，范围1到4

DAYOFYEAR(date): 返回date在一年中的日数, 在1到366范围内

MONTHNAME(date) : 返回date的月份名字

WEEKOFYEAR(d) 或WEEK(d)计算日期 d 是本年的第几个星期，范围是 0 到 53

YEAR(d)返回年份

YEARWEEK(date, mode)返回年份及第几周（0到53），mode 中 0 表示周天，1表示周一，以此类推

##### 其它常用函数

IF(expr1,expr2,expr3)
如果 expr1 是TRUE (expr1 <> 0 and expr1 <> NULL)，则 IF()的返回值为expr2; 否则返回值则为
expr3。IF() 的返回值为数字值或字符串值，具体情况视其所在语境而定。

```
mysql> select if(ascii(mid(user(),1,1))='114','yes','no');#判断用户名第一个字符是
+---------------------------------------------+
| if(ascii(mid(user(),1,1))='114','yes','no') |
+---------------------------------------------+
| yes                                         |
+---------------------------------------------+
1 row in set (0.00 sec)
```

CASE

```
`CASE expression     WHEN condition1 THEN result1     WHEN condition2 THEN result2    ...     WHEN conditionN THEN resultN     ELSE result END`
```

CASE 表示函数开始，END 表示函数结束。如果 condition1 成立，则返回 result1, 如果 condition2 成立，则返回 result2，当全部不成立则返回 result，而当有一个成立之后，后面的就不执行了.

```
mysql> SELECT CASE 0  WHEN 1<0 THEN 'true' ELSE 'false' END;#这里先比较0=(1<0)
+-----------------------------------------------+
| CASE 0  WHEN 1<0 THEN 'true' ELSE 'false' END |
+-----------------------------------------------+
| true                                          |
+-----------------------------------------------+
1 row in set (0.00 sec)
```

PASSWORD(str)函数可以对字符串str进行加密。一般情况下，PASSWORD(str)函数主要是用来给用户
的密码加密的。

MD5(str)函数可以对字符串str进行加密。MD5(str)函数主要对普通的数据进行加密

mysql> select md5("123456");
+----------------------------------+
| md5("123456")                    |
+----------------------------------+
| e10adc3949ba59abbe56e057f20f883e |
+----------------------------------+
1 row in set (0.01 sec)

BENCHMARK(count,expr)函数将表达式expr重复执行count次，然后返回执行时间。该函数可以用来
判断MySQL处理表达式的速度。

```
mysql> select 1 and if((substr(user(),1,1)='r'),BENCHMARK(100000000,md5('a')),1);#判断用户第一个字符是否为r
+--------------------------------------------------------------------+
| 1 and if((substr(user(),1,1)='r'),BENCHMARK(100000000,md5('a')),1) |
+--------------------------------------------------------------------+
|                                                                  0 |
+--------------------------------------------------------------------+
1 row in set (16.16 sec)
```

sleep(t);休眠t秒

```
mysql> select 1 and if((substr(user(),1,1)='r'),sleep(10),1);#判断用户第一个字符是否为r
+------------------------------------------------+
| 1 and if((substr(user(),1,1)='r'),sleep(10),1) |
+------------------------------------------------+
|                                              0 |
+------------------------------------------------+
1 row in set (10.00 sec)
```

返回数据库的版本号:

VERSION()

返回服务器的连接数，也就是到现在为止MySQL服务的连接次数:

CONNECTION_ID()

返回当前数据库名:

DATABASE()

SCHEMA()

返回当前用户的名称:

USER()

SYSTEM_USER()

SESSION_USER()

CURRENT_USER()